hatchery,stock,release_site,brood_year,tag_code,first_release_month,first_release_doy,last_release_doy,avg_weight,release_age,avg_length,Releases,Raw_Recoveries,Exp_Recoveries,SampleRate_obs,Raw_SAR,Expanded_Tags_Type,...18,fitted
COWLITZ SALMON HATCHERY,COWLITZ R    26.0002,COWLITZ R -LOWER,1987,634204,4,93,93,54.64,2,147,147638,1123,1943.97912859533,0.577681099288061,0.013167,RMIS_adjusted_for_terminal_harvest,0.013318534347218582,0.013318534347218582
COWLITZ SALMON HATCHERY,COWLITZ R    26.0002,COWLITZ R    26.0002,1980,632134,4,91,91,54.64,2,NA,24014,47,106.396122032064,0.441745423633354,0.004431,RMIS_adjusted_for_terminal_harvest,0.0047757519785936575,0.0047757519785936575
COWLITZ SALMON HATCHERY,COWLITZ R    26.0002,COWLITZ R    26.0002,1980,632309,4,91,91,54.64,2,NA,23917,63,119.362409558945,0.527804358447443,0.004991,RMIS_adjusted_for_terminal_harvest,0.0047757519785936575,0.0047757519785936575
COWLITZ SALMON HATCHERY,COWLITZ R    26.0002,COWLITZ R    26.0002,1980,632310,4,91,91,54.64,2,NA,23298,76,149.464236424113,0.508482843911542,0.006415,RMIS_adjusted_for_terminal_harvest,0.0047757519785936575,0.0047757519785936575
COWLITZ SALMON HATCHERY,COWLITZ R    26.0002,COWLITZ R    26.0002,1980,632311,4,91,91,54.64,2,NA,24391,43,71.7776419208216,0.599072341320903,0.002943,RMIS_adjusted_for_terminal_harvest,0.0047757519785936575,0.0047757519785936575
COWLITZ SALMON HATCHERY,COWLITZ R    26.0002,COWLITZ R    26.0002,1981,632505,4,94,94,69.77,2,NA,73000,549,1024.98032212266,0.535620038893101,0.014041,RMIS_adjusted_for_terminal_harvest,0.0138351817770573,0.0138351817770573
COWLITZ SALMON HATCHERY,COWLITZ R    26.0002,COWLITZ R    26.0002,1981,632506,4,94,94,64.79,2,NA,77454,525,1010.28012835764,0.519657850593839,0.013044,RMIS_adjusted_for_terminal_harvest,0.013355559063382578,0.013355559063382578
COWLITZ SALMON HATCHERY,COWLITZ R    26.0002,COWLITZ R    26.0002,1981,632609,4,94,94,80.99,2,NA,58292,525,945.751298498882,0.55511422594216,0.016224,RMIS_adjusted_for_terminal_harvest,0.015067454445073224,0.015067454445073224
COWLITZ SALMON HATCHERY,COWLITZ R    26.0002,COWLITZ R    26.0002,1982,632834,4,94,94,67.7,2,NA,73205,437,766.184856559948,0.570358440601479,0.010466,RMIS_adjusted_for_terminal_harvest,0.009429358034929738,0.009429358034929738
COWLITZ SALMON HATCHERY,COWLITZ R    26.0002,COWLITZ R    26.0002,1982,632835,4,94,94,58.9,2,NA,73878,356,624.226229647011,0.570306057471042,0.008449,RMIS_adjusted_for_terminal_harvest,0.008767781165250671,0.008767781165250671
COWLITZ SALMON HATCHERY,COWLITZ R    26.0002,COWLITZ R    26.0002,1982,632836,4,94,94,56.69,2,NA,72124,275,470.80625721862,0.584104386429815,0.006528,RMIS_adjusted_for_terminal_harvest,0.008558992710088136,0.008558992710088136
COWLITZ SALMON HATCHERY,COWLITZ R    26.0002,COWLITZ R    26.0002,1983,632747,4,99,99,68.72,2,NA,57959,1464,2609.6776152956,0.560988833034141,0.045026,RMIS_adjusted_for_terminal_harvest,0.04432018861554188,0.04432018861554188
COWLITZ SALMON HATCHERY,COWLITZ R    26.0002,COWLITZ R    26.0002,1983,632748,4,99,99,64.79,2,NA,53949,1103,1840.4611278406,0.599306327808262,0.034115,RMIS_adjusted_for_terminal_harvest,0.04312869015343676,0.04312869015343676
COWLITZ SALMON HATCHERY,COWLITZ R    26.0002,COWLITZ R    26.0002,1983,633054,4,99,99,68.72,2,NA,11871,242,390.917607797794,0.619056279821442,0.03293,RMIS_adjusted_for_terminal_harvest,0.04432018861554188,0.04432018861554188
COWLITZ SALMON HATCHERY,COWLITZ R    26.0002,COWLITZ R    26.0002,1983,633055,4,99,99,64.79,2,NA,11286,157,257.570734626953,0.609541298344269,0.022822,RMIS_adjusted_for_terminal_harvest,0.04312869015343676,0.04312869015343676
COWLITZ SALMON HATCHERY,COWLITZ R    26.0002,COWLITZ R    26.0002,1983,633056,4,99,99,60.47,2,NA,11127,307,532.62317270079,0.57639249611181,0.047868,RMIS_adjusted_for_terminal_harvest,0.04164355674925333,0.04164355674925333
COWLITZ SALMON HATCHERY,COWLITZ R    26.0002,COWLITZ R    26.0002,1983,633122,4,99,99,60.47,2,NA,55903,1936,3156.71143232471,0.613296476889008,0.056468,RMIS_adjusted_for_terminal_harvest,0.04164355674925333,0.04164355674925333
COWLITZ SALMON HATCHERY,COWLITZ R    26.0002,COWLITZ R    26.0002,1984,633437,4,91,91,64.79,2,179,22913,189,353.925264315297,0.534011044296708,0.015446,RMIS_adjusted_for_terminal_harvest,0.019753257165002418,0.019753257165002418
COWLITZ SALMON HATCHERY,COWLITZ R    26.0002,COWLITZ R    26.0002,1984,633505,4,91,91,64.79,2,179,22875,169,337.900185018774,0.500147698914726,0.014772,RMIS_adjusted_for_terminal_harvest,0.019753257165002418,0.019753257165002418
COWLITZ SALMON HATCHERY,COWLITZ R    26.0002,COWLITZ R    26.0002,1984,633506,4,91,91,64.79,2,179,23134,188,414.792593924139,0.453238564896805,0.01793,RMIS_adjusted_for_terminal_harvest,0.019753257165002418,0.019753257165002418
COWLITZ SALMON HATCHERY,COWLITZ R    26.0002,COWLITZ R    26.0002,1984,633507,4,91,91,61.29,2,170,23473,238,533.633251374524,0.44599919399131,0.022734,RMIS_adjusted_for_terminal_harvest,0.019198845299033537,0.019198845299033537
COWLITZ SALMON HATCHERY,COWLITZ R    26.0002,COWLITZ R    26.0002,1984,633508,4,91,91,61.29,2,170,23273,220,449.281562390893,0.489670661821175,0.019305,RMIS_adjusted_for_terminal_harvest,0.019198845299033537,0.019198845299033537
COWLITZ SALMON HATCHERY,COWLITZ R    26.0002,COWLITZ R    26.0002,1984,633509,4,91,91,61.29,2,170,23019,227,440.777208923101,0.514999404244612,0.019148,RMIS_adjusted_for_terminal_harvest,0.019198845299033537,0.019198845299033537
COWLITZ SALMON HATCHERY,COWLITZ R    26.0002,COWLITZ R    26.0002,1984,633510,4,91,91,59.68,2,162,22950,183,386.402055690243,0.47359996486846,0.016837,RMIS_adjusted_for_terminal_harvest,0.01891525379044079,0.01891525379044079
COWLITZ SALMON HATCHERY,COWLITZ R    26.0002,COWLITZ R    26.0002,1984,633511,4,91,91,59.68,2,162,22736,262,569.902915072885,0.459727425620367,0.025066,RMIS_adjusted_for_terminal_harvest,0.01891525379044079,0.01891525379044079
COWLITZ SALMON HATCHERY,COWLITZ R    26.0002,COWLITZ R    26.0002,1984,633512,4,91,91,59.68,2,162,23074,229,466.445967404636,0.490946467549468,0.020215,RMIS_adjusted_for_terminal_harvest,0.01891525379044079,0.01891525379044079
COWLITZ SALMON HATCHERY,COWLITZ R    26.0002,COWLITZ R    26.0002,1985,633833,4,91,91,59.68,2,149,47607,385,881.333219874054,0.436838180291239,0.018513,RMIS_adjusted_for_terminal_harvest,0.015451123573003118,0.015451123573003118
COWLITZ SALMON HATCHERY,COWLITZ R    26.0002,COWLITZ R    26.0002,1985,633834,4,91,91,59.68,2,149,47748,343,719.710903300107,0.476580246911967,0.015073,RMIS_adjusted_for_terminal_harvest,0.015451123573003118,0.015451123573003118
COWLITZ SALMON HATCHERY,COWLITZ R    26.0002,COWLITZ R    26.0002,1985,633835,4,91,91,59.68,2,151,48034,320,644.114800668019,0.496805848380016,0.01341,RMIS_adjusted_for_terminal_harvest,0.015451123573003118,0.015451123573003118
COWLITZ SALMON HATCHERY,COWLITZ R    26.0002,COWLITZ R    26.0002,1986,634161,6,169,169,100.79,1,86,142047,1537,3228.49127346817,0.476073766291738,0.022728,RMIS_adjusted_for_terminal_harvest,0.022558911302077527,0.022558911302077527
COWLITZ SALMON HATCHERY,COWLITZ R    26.0002,COWLITZ R    26.0002,1989,630819,5,136,136,12.25,1,102,63978,18,34.7092926670129,0.518593109133189,5.43e-4,RMIS_adjusted_for_terminal_harvest,0.001562188253553352,0.001562188253553352
COWLITZ SALMON HATCHERY,COWLITZ R    26.0002,COWLITZ R    26.0002,1989,631132,6,169,169,16.19,1,111,70479,10,17.9381453977459,0.557471231181826,2.55e-4,RMIS_adjusted_for_terminal_harvest,0.0014666715073765524,0.0014666715073765524
COWLITZ SALMON HATCHERY,COWLITZ R    26.0002,COWLITZ R    26.0002,1989,631135,7,186,186,18.89,1,117,70505,41,95.6680787658994,0.428565102685163,0.001357,RMIS_adjusted_for_terminal_harvest,0.001424270228103736,0.001424270228103736
COWLITZ SALMON HATCHERY,COWLITZ R    26.0002,COWLITZ R    26.0002,1989,631432,4,95,95,85.58,2,197,33791,139,247.197639999794,0.56230310289417,0.007315,RMIS_adjusted_for_terminal_harvest,0.008713942436043766,0.008713942436043766
COWLITZ SALMON HATCHERY,COWLITZ R    26.0002,COWLITZ R    26.0002,1989,631435,4,95,95,82.47,2,192,33963,183,335.206177494946,0.545932659617405,0.00987,RMIS_adjusted_for_terminal_harvest,0.00843028937861476,0.00843028937861476
COWLITZ SALMON HATCHERY,COWLITZ R    26.0002,COWLITZ R    26.0002,1989,631437,4,95,95,75.59,2,185,34003,151,263.071230866544,0.57398902762044,0.007737,RMIS_adjusted_for_terminal_harvest,0.0079461753008096,0.0079461753008096
COWLITZ SALMON HATCHERY,COWLITZ R    26.0002,COWLITZ R    26.0002,1989,635642,4,95,95,90.71,2,198,33797,123,233.939402732033,0.525777182311142,0.006922,RMIS_adjusted_for_terminal_harvest,0.009293205427843535,0.009293205427843535
COWLITZ SALMON HATCHERY,COWLITZ R    26.0002,COWLITZ R    26.0002,1989,635644,4,95,95,79.57,2,191,34008,168,299.037389742705,0.561802656666275,0.008793,RMIS_adjusted_for_terminal_harvest,0.008205453746629237,0.008205453746629237
COWLITZ SALMON HATCHERY,COWLITZ R    26.0002,COWLITZ R    26.0002,1989,635647,4,95,95,78.2,2,190,32835,153,285.118604131555,0.536618788752925,0.008683,RMIS_adjusted_for_terminal_harvest,0.008110595968366557,0.008110595968366557
COWLITZ SALMON HATCHERY,COWLITZ R    26.0002,COWLITZ R    26.0002,1989,635649,4,95,95,82.47,2,191,33285,205,390.582198711283,0.524857509319147,0.011734,RMIS_adjusted_for_terminal_harvest,0.00843028937861476,0.00843028937861476
COWLITZ SALMON HATCHERY,COWLITZ R    26.0002,COWLITZ R    26.0002,1989,635650,4,95,95,90.71,2,195,33175,200,406.864199199706,0.491564508239841,0.012264,RMIS_adjusted_for_terminal_harvest,0.009293205427843535,0.009293205427843535
COWLITZ SALMON HATCHERY,COWLITZ R    26.0002,COWLITZ R    26.0002,1989,635652,4,95,95,75.59,2,188,33698,174,353.506494752452,0.492211607376114,0.01049,RMIS_adjusted_for_terminal_harvest,0.0079461753008096,0.0079461753008096
COWLITZ SALMON HATCHERY,COWLITZ R    26.0002,COWLITZ R    26.0002,1989,635655,4,95,95,78.2,2,189,34069,145,282.565529996827,0.513155302423576,0.008294,RMIS_adjusted_for_terminal_harvest,0.008110595968366557,0.008110595968366557
COWLITZ SALMON HATCHERY,COWLITZ R    26.0002,COWLITZ R    26.0002,1989,635656,4,95,95,82.47,2,194,34236,106,204.041078566213,0.519503233098242,0.00596,RMIS_adjusted_for_terminal_harvest,0.00843028937861476,0.00843028937861476
COWLITZ SALMON HATCHERY,COWLITZ R    26.0002,COWLITZ R    26.0002,1989,635659,4,95,95,82.47,2,192,33683,164,319.218827190417,0.513754158686175,0.009477,RMIS_adjusted_for_terminal_harvest,0.00843028937861476,0.00843028937861476
COWLITZ SALMON HATCHERY,COWLITZ R    26.0002,COWLITZ R    26.0002,1990,630861,5,133,133,9.07,1,86,87885,7,13.4580632392577,0.520134277537106,1.53e-4,RMIS_adjusted_for_terminal_harvest,2.7607707148826605e-4,2.7607707148826605e-4
COWLITZ SALMON HATCHERY,COWLITZ R    26.0002,COWLITZ R    26.0002,1990,633930,5,133,133,11.06,1,NA,60235,1,1.56670113847848,0.638283828,2.6e-5,RMIS_adjusted_for_terminal_harvest,3.027631118973542e-4,3.027631118973542e-4
COWLITZ SALMON HATCHERY,COWLITZ R    26.0002,COWLITZ R    26.0002,1990,633931,6,171,171,16.79,1,105,69150,1,2.06809523819372,0.483536725742574,3e-5,RMIS_adjusted_for_terminal_harvest,2.9837214838663114e-4,2.9837214838663114e-4
COWLITZ SALMON HATCHERY,COWLITZ R    26.0002,COWLITZ R    26.0002,1990,633932,7,191,191,18.14,1,117,71344,8,12.9747323788002,0.616583045140218,1.82e-4,RMIS_adjusted_for_terminal_harvest,2.654464709164942e-4,2.654464709164942e-4
COWLITZ SALMON HATCHERY,COWLITZ R    26.0002,COWLITZ R    26.0002,1990,634045,4,92,92,98.6,2,NA,32529,58,93.6879418919996,0.619076466284856,0.00288,RMIS_adjusted_for_terminal_harvest,0.002120067862071173,0.002120067862071173
COWLITZ SALMON HATCHERY,COWLITZ R    26.0002,COWLITZ R    26.0002,1990,634046,4,92,92,98.6,2,NA,32678,46,67.9157770019032,0.677309485816689,0.002078,RMIS_adjusted_for_terminal_harvest,0.002120067862071173,0.002120067862071173
COWLITZ SALMON HATCHERY,COWLITZ R    26.0002,COWLITZ R    26.0002,1990,634047,4,92,92,90.71,2,NA,32372,59,101.479366696544,0.581398977157877,0.003135,RMIS_adjusted_for_terminal_harvest,0.0018775784903848278,0.0018775784903848278
COWLITZ SALMON HATCHERY,COWLITZ R    26.0002,COWLITZ R    26.0002,1990,634048,4,92,92,98.6,2,NA,32243,24,38.3869582812679,0.625212339674007,0.001191,RMIS_adjusted_for_terminal_harvest,0.002120067862071173,0.002120067862071173
COWLITZ SALMON HATCHERY,COWLITZ R    26.0002,COWLITZ R    26.0002,1990,634049,4,92,92,90.71,2,NA,32146,49,68.4365669149059,0.715991497073877,0.002129,RMIS_adjusted_for_terminal_harvest,0.0018775784903848278,0.0018775784903848278
COWLITZ SALMON HATCHERY,COWLITZ R    26.0002,COWLITZ R    26.0002,1990,634050,4,92,92,100.79,2,NA,32046,29,46.6766263720381,0.621295973039145,0.001457,RMIS_adjusted_for_terminal_harvest,0.0022008568609919186,0.0022008568609919186
COWLITZ SALMON HATCHERY,COWLITZ R    26.0002,COWLITZ R    26.0002,1990,634051,4,92,92,87.22,2,NA,32595,36,60.493982903458,0.595100508714267,0.001856,RMIS_adjusted_for_terminal_harvest,0.0017941776227792061,0.0017941776227792061
COWLITZ SALMON HATCHERY,COWLITZ R    26.0002,COWLITZ R    26.0002,1990,634052,4,92,92,96.5,2,NA,32047,55,75.1398320392828,0.731968631114935,0.002345,RMIS_adjusted_for_terminal_harvest,0.002048074801748945,0.002048074801748945
COWLITZ SALMON HATCHERY,COWLITZ R    26.0002,COWLITZ R    26.0002,1990,634053,4,92,92,107.99,2,NA,31687,30,42.7718365288225,0.701396115637542,0.00135,RMIS_adjusted_for_terminal_harvest,0.0025060791183726255,0.0025060791183726255
COWLITZ SALMON HATCHERY,COWLITZ R    26.0002,COWLITZ R    26.0002,1990,634054,4,92,92,98.6,2,NA,31518,46,83.1633167548109,0.553128492164653,0.002639,RMIS_adjusted_for_terminal_harvest,0.002120067862071173,0.002120067862071173
COWLITZ SALMON HATCHERY,COWLITZ R    26.0002,COWLITZ R    26.0002,1990,634055,4,92,92,98.6,2,NA,31717,36,60.4158731533446,0.595869895128827,0.001905,RMIS_adjusted_for_terminal_harvest,0.002120067862071173,0.002120067862071173
COWLITZ SALMON HATCHERY,COWLITZ R    26.0002,COWLITZ R    26.0002,1991,634044,4,92,92,113.39,1,NA,31525,34,51.9833974083116,0.654054980919037,0.001649,RMIS_adjusted_for_terminal_harvest,0.0018123940703009193,0.0018123940703009193
COWLITZ SALMON HATCHERY,COWLITZ R    26.0002,COWLITZ R    26.0002,1991,634420,5,134,134,9.1,1,NA,73789,8,8.26505952491099,0.967930113012242,1.12e-4,RMIS_adjusted_for_terminal_harvest,1.7959425981052378e-4,1.7959425981052378e-4
COWLITZ SALMON HATCHERY,COWLITZ R    26.0002,COWLITZ R    26.0002,1991,634423,6,167,167,14.44,1,101,74235,5,5.18095238095238,0.965073529411765,7e-5,RMIS_adjusted_for_terminal_harvest,1.812719209587701e-4,1.812719209587701e-4
COWLITZ SALMON HATCHERY,COWLITZ R    26.0002,COWLITZ R    26.0002,1991,634424,7,195,195,16.19,1,105,74774,7,8.69587453951063,0.804979415031203,1.16e-4,RMIS_adjusted_for_terminal_harvest,1.5331356560576557e-4,1.5331356560576557e-4
COWLITZ SALMON HATCHERY,COWLITZ R    26.0002,COWLITZ R    26.0002,1991,634429,5,132,132,9.1,1,NA,41090,6,7.16064560327223,0.837913273805669,1.74e-4,RMIS_adjusted_for_terminal_harvest,1.8146544990910564e-4,1.8146544990910564e-4
COWLITZ SALMON HATCHERY,COWLITZ R    26.0002,COWLITZ R    26.0002,1991,634552,4,95,95,85.58,2,NA,31391,53,57.6176190534935,0.919857517034739,0.001835,RMIS_adjusted_for_terminal_harvest,0.00115367179507881,0.00115367179507881
COWLITZ SALMON HATCHERY,COWLITZ R    26.0002,COWLITZ R    26.0002,1991,634553,4,95,95,85.58,2,NA,31608,24,25.4811111129433,0.941874155079881,8.06e-4,RMIS_adjusted_for_terminal_harvest,0.00115367179507881,0.00115367179507881
COWLITZ SALMON HATCHERY,COWLITZ R    26.0002,COWLITZ R    26.0002,1991,634554,4,95,95,105.48,2,NA,31339,21,34.060079366548,0.616557576804272,0.001087,RMIS_adjusted_for_terminal_harvest,0.001569164229605178,0.001569164229605178
COWLITZ SALMON HATCHERY,COWLITZ R    26.0002,COWLITZ R    26.0002,1991,634555,4,95,95,73.16,2,NA,31714,30,34.6516269877985,0.865760214103757,0.001093,RMIS_adjusted_for_terminal_harvest,0.0010328559072522046,0.0010328559072522046
COWLITZ SALMON HATCHERY,COWLITZ R    26.0002,COWLITZ R    26.0002,1991,634556,4,95,95,80.99,2,NA,31845,57,91.5519246108849,0.62259750674016,0.002875,RMIS_adjusted_for_terminal_harvest,0.0010999602023707058,0.0010999602023707058
COWLITZ SALMON HATCHERY,COWLITZ R    26.0002,COWLITZ R    26.0002,1991,634557,4,95,95,74.35,2,NA,31743,27,29.0388095252781,0.929790182221369,9.15e-4,RMIS_adjusted_for_terminal_harvest,0.0010417110019901104,0.0010417110019901104
COWLITZ SALMON HATCHERY,COWLITZ R    26.0002,COWLITZ R    26.0002,1991,634558,4,95,95,87.22,2,NA,31581,34,35.1544047659398,0.967161874205354,0.001113,RMIS_adjusted_for_terminal_harvest,0.0011762732004783798,0.0011762732004783798
COWLITZ SALMON HATCHERY,COWLITZ R    26.0002,COWLITZ R    26.0002,1991,634559,4,95,95,90.71,2,NA,31792,39,57.4526984156357,0.678819290921003,0.001807,RMIS_adjusted_for_terminal_harvest,0.0012309867113465954,0.0012309867113465954
COWLITZ SALMON HATCHERY,COWLITZ R    26.0002,COWLITZ R    26.0002,1991,634560,4,95,95,83.99,2,NA,31369,40,41.5822023846203,0.961950010007034,0.001326,RMIS_adjusted_for_terminal_harvest,0.0011335395553239583,0.0011335395553239583
COWLITZ SALMON HATCHERY,COWLITZ R    26.0002,COWLITZ R    26.0002,1991,634561,4,95,95,82.47,2,NA,31453,29,43.1957142864486,0.671362899747161,0.001373,RMIS_adjusted_for_terminal_harvest,0.0011158408725887668,0.0011158408725887668
COWLITZ SALMON HATCHERY,COWLITZ R    26.0002,COWLITZ R    26.0002,1991,634562,4,95,95,90.71,2,NA,30693,19,19.6102182565383,0.968882638196294,6.39e-4,RMIS_adjusted_for_terminal_harvest,0.0012309867113465954,0.0012309867113465954
COWLITZ SALMON HATCHERY,COWLITZ R    26.0002,COWLITZ R    26.0002,1991,634563,4,95,95,87.22,2,NA,28587,25,25.8436706367564,0.967354844881961,9.04e-4,RMIS_adjusted_for_terminal_harvest,0.0011762732004783798,0.0011762732004783798
COWLITZ SALMON HATCHERY,COWLITZ R    26.0002,COWLITZ R    26.0002,1992,635234,4,94,94,98.6,2,NA,50185,75,82.1372292623073,0.913106038194758,0.001637,RMIS_adjusted_for_terminal_harvest,0.0015048608612874973,0.0015048608612874973
COWLITZ SALMON HATCHERY,COWLITZ R    26.0002,COWLITZ R    26.0002,1993,635146,5,139,139,15.26,1,NA,187097,133,159.716073740379,0.832727707896162,8.54e-4,RMIS_adjusted_for_terminal_harvest,1.6594399821750032e-4,1.6594399821750032e-4
COWLITZ SALMON HATCHERY,COWLITZ R    26.0002,COWLITZ R    26.0002,1993,635434,3,60,60,85.58,2,189,20278,1,1.09382591090903,0.914222263366337,5.4e-5,RMIS_adjusted_for_terminal_harvest,7.425380089053856e-4,7.425380089053856e-4
COWLITZ SALMON HATCHERY,COWLITZ R    26.0002,COWLITZ R    26.0002,1993,635435,3,60,60,83.99,2,189,19233,4,4.2814777327271,0.934256873374463,2.23e-4,RMIS_adjusted_for_terminal_harvest,7.295750509950978e-4,7.295750509950978e-4
COWLITZ SALMON HATCHERY,COWLITZ R    26.0002,COWLITZ R    26.0002,1993,635436,4,93,93,100.79,2,205,19446,14,15.4382591090903,0.906837999095154,7.94e-4,RMIS_adjusted_for_terminal_harvest,0.0010309755791009598,0.0010309755791009598
COWLITZ SALMON HATCHERY,COWLITZ R    26.0002,COWLITZ R    26.0002,1993,635553,4,93,93,90.71,2,197,19779,7,7.46912955454516,0.937190866603769,3.78e-4,RMIS_adjusted_for_terminal_harvest,8.793867018191243e-4,8.793867018191243e-4
COWLITZ SALMON HATCHERY,COWLITZ R    26.0002,COWLITZ R    26.0002,1993,635554,3,60,60,88.93,2,193,19829,3,3.18765182181806,0.941131644135765,1.61e-4,RMIS_adjusted_for_terminal_harvest,7.736100840679417e-4,7.736100840679417e-4
COWLITZ SALMON HATCHERY,COWLITZ R    26.0002,COWLITZ R    26.0002,1993,635557,4,93,93,100.79,2,201,19467,7,7.37530364363613,0.949113465455763,3.79e-4,RMIS_adjusted_for_terminal_harvest,0.0010309755791009598,0.0010309755791009598
COWLITZ SALMON HATCHERY,COWLITZ R    26.0002,COWLITZ R    26.0002,1993,635558,3,60,60,85.58,2,185,19957,3,3.19848178133201,0.937945001753502,1.6e-4,RMIS_adjusted_for_terminal_harvest,7.425380089053856e-4,7.425380089053856e-4
COWLITZ SALMON HATCHERY,COWLITZ R    26.0002,COWLITZ R    26.0002,1993,635560,4,93,93,94.49,2,197,19322,3,3.29230769224105,0.911214953289474,1.7e-4,RMIS_adjusted_for_terminal_harvest,9.293946860079818e-4,9.293946860079818e-4
COWLITZ SALMON HATCHERY,COWLITZ R    26.0002,COWLITZ R    26.0002,1993,635563,3,60,60,92.56,2,194,20265,3,3.09382591090903,0.96967317696248,1.53e-4,RMIS_adjusted_for_terminal_harvest,8.134586863739314e-4,8.134586863739314e-4
COWLITZ SALMON HATCHERY,COWLITZ R    26.0002,COWLITZ R    26.0002,1993,635603,4,93,93,92.56,2,196,19902,12,12.6459514168493,0.948920299030359,6.35e-4,RMIS_adjusted_for_terminal_harvest,9.028438140708988e-4,9.028438140708988e-4
COWLITZ SALMON HATCHERY,COWLITZ R    26.0002,COWLITZ R    26.0002,1993,635605,3,60,60,88.93,2,190,20047,1,2.54,0.393700787401575,1.27e-4,RMIS_adjusted_for_terminal_harvest,7.736100840679417e-4,7.736100840679417e-4
COWLITZ SALMON HATCHERY,COWLITZ R    26.0002,COWLITZ R    26.0002,1993,635606,4,94,94,92.56,2,195,20511,7,7.48147773272709,0.935644033180649,3.65e-4,RMIS_adjusted_for_terminal_harvest,9.038666662622861e-4,9.038666662622861e-4
COWLITZ SALMON HATCHERY,COWLITZ R    26.0002,COWLITZ R    26.0002,1994,635520,5,121,121,4.36,1,69,98703,2,2.33913043434011,0.85501858752234,2.4e-5,RMIS_adjusted_for_terminal_harvest,1.0613486464378816e-4,1.0613486464378816e-4
COWLITZ SALMON HATCHERY,COWLITZ R    26.0002,COWLITZ R    26.0002,1994,635749,4,92,92,68.72,2,180,19318,10,12.7130434747209,0.78659370746937,6.58e-4,RMIS_adjusted_for_terminal_harvest,6.955400918746871e-4,6.955400918746871e-4
COWLITZ SALMON HATCHERY,COWLITZ R    26.0002,COWLITZ R    26.0002,1994,635750,4,92,92,68.72,2,176,18989,11,13.5418060166503,0.812299333373628,7.13e-4,RMIS_adjusted_for_terminal_harvest,6.955400918746871e-4,6.955400918746871e-4
COWLITZ SALMON HATCHERY,COWLITZ R    26.0002,COWLITZ R    26.0002,1994,635751,3,65,65,59.68,2,180,19467,11,12.6956521717006,0.866438356315378,6.52e-4,RMIS_adjusted_for_terminal_harvest,5.971249783034983e-4,5.971249783034983e-4
COWLITZ SALMON HATCHERY,COWLITZ R    26.0002,COWLITZ R    26.0002,1994,635752,3,65,65,83.99,2,191,19869,16,19.052173909061,0.839799178632868,9.59e-4,RMIS_adjusted_for_terminal_harvest,7.26796543075665e-4,7.26796543075665e-4
COWLITZ SALMON HATCHERY,COWLITZ R    26.0002,COWLITZ R    26.0002,1994,635753,4,92,92,74.35,2,179,19174,12,15.062173909061,0.796697745786955,7.86e-4,RMIS_adjusted_for_terminal_harvest,7.234533605673798e-4,7.234533605673798e-4
COWLITZ SALMON HATCHERY,COWLITZ R    26.0002,COWLITZ R    26.0002,1994,635754,3,65,65,75.59,2,184,20328,12,23.9275652114707,0.501513626394686,0.001177,RMIS_adjusted_for_terminal_harvest,6.740581112116411e-4,6.740581112116411e-4
COWLITZ SALMON HATCHERY,COWLITZ R    26.0002,COWLITZ R    26.0002,1994,635755,3,65,65,76.88,2,184,19426,12,17.8047826060407,0.673976215577534,9.17e-4,RMIS_adjusted_for_terminal_harvest,6.807972410676716e-4,6.807972410676716e-4
COWLITZ SALMON HATCHERY,COWLITZ R    26.0002,COWLITZ R    26.0002,1994,635756,4,92,92,79.57,2,185,19978,20,32.2666956458108,0.619834154062088,0.001615,RMIS_adjusted_for_terminal_harvest,7.541298034181166e-4,7.541298034181166e-4
COWLITZ SALMON HATCHERY,COWLITZ R    26.0002,COWLITZ R    26.0002,1994,635757,3,65,65,75.59,2,179,19857,10,18.0682608686802,0.553456698056321,9.1e-4,RMIS_adjusted_for_terminal_harvest,6.740581112116411e-4,6.740581112116411e-4
COWLITZ SALMON HATCHERY,COWLITZ R    26.0002,COWLITZ R    26.0002,1994,635812,4,92,92,71.99,2,184,20183,5,10.1182608686802,0.494156067420327,5.01e-4,RMIS_adjusted_for_terminal_harvest,7.114373765543854e-4,7.114373765543854e-4
COWLITZ SALMON HATCHERY,COWLITZ R    26.0002,COWLITZ R    26.0002,1994,635813,4,92,92,69.78,2,180,19780,13,17.5065217373605,0.742580404893158,8.85e-4,RMIS_adjusted_for_terminal_harvest,7.006601618427239e-4,7.006601618427239e-4
COWLITZ SALMON HATCHERY,COWLITZ R    26.0002,COWLITZ R    26.0002,1994,635814,3,65,65,70.87,2,180,20515,5,7.28913043434011,0.685952878061325,3.55e-4,RMIS_adjusted_for_terminal_harvest,6.517297944866326e-4,6.517297944866326e-4
COWLITZ SALMON HATCHERY,COWLITZ R    26.0002,COWLITZ R    26.0002,1995,635820,4,91,91,105.48,2,209,19202,10,17.5951056065876,0.568339868119688,9.16e-4,RMIS_adjusted_for_terminal_harvest,0.0017126994730995817,0.0017126994730995817
COWLITZ SALMON HATCHERY,COWLITZ R    26.0002,COWLITZ R    26.0002,1995,635821,4,91,91,103.08,2,205,19911,11,15.4111599385511,0.71376846673841,7.74e-4,RMIS_adjusted_for_terminal_harvest,0.0016400038327977068,0.0016400038327977068
COWLITZ SALMON HATCHERY,COWLITZ R    26.0002,COWLITZ R    26.0002,1995,635822,3,63,63,98.6,2,201,19592,25,32.5993229394428,0.766887092914185,0.001664,RMIS_adjusted_for_terminal_harvest,0.001390274474809779,0.001390274474809779
COWLITZ SALMON HATCHERY,COWLITZ R    26.0002,COWLITZ R    26.0002,1995,635823,3,63,63,85.58,2,194,19602,24,42.6372747221578,0.56288775857261,0.002175,RMIS_adjusted_for_terminal_harvest,0.0011538290682392947,0.0011538290682392947
COWLITZ SALMON HATCHERY,COWLITZ R    26.0002,COWLITZ R    26.0002,1995,635850,5,138,138,5.89,1,81,102487,4,5.1090512746242,0.7829242231072,5e-5,RMIS_adjusted_for_terminal_harvest,1.6590464958951348e-4,1.6590464958951348e-4
COWLITZ SALMON HATCHERY,COWLITZ R    26.0002,COWLITZ R    26.0002,1995,636014,4,91,91,105.48,2,204,19670,12,17.1211300753044,0.700888314452379,8.7e-4,RMIS_adjusted_for_terminal_harvest,0.0017126994730995817,0.0017126994730995817
COWLITZ SALMON HATCHERY,COWLITZ R    26.0002,COWLITZ R    26.0002,1995,636015,3,63,63,94.49,2,198,21310,20,26.8522295672135,0.74481710913197,0.00126,RMIS_adjusted_for_terminal_harvest,0.0013011403850127804,0.0013011403850127804
COWLITZ SALMON HATCHERY,COWLITZ R    26.0002,COWLITZ R    26.0002,1995,636016,3,63,63,94.49,2,198,19848,23,35.1442170944728,0.654446219079873,0.001771,RMIS_adjusted_for_terminal_harvest,0.0013011403850127804,0.0013011403850127804
COWLITZ SALMON HATCHERY,COWLITZ R    26.0002,COWLITZ R    26.0002,1995,636017,3,63,63,88.93,2,195,21066,13,19.4297235850397,0.66907796928257,9.22e-4,RMIS_adjusted_for_terminal_harvest,0.0012020912303945183,0.0012020912303945183
COWLITZ SALMON HATCHERY,COWLITZ R    26.0002,COWLITZ R    26.0002,1995,636018,4,91,91,103.08,2,200,19239,14,23.441129836922,0.597240836828123,0.001218,RMIS_adjusted_for_terminal_harvest,0.0016400038327977068,0.0016400038327977068
COWLITZ SALMON HATCHERY,COWLITZ R    26.0002,COWLITZ R    26.0002,1995,636019,4,91,91,110.63,2,211,19676,23,41.9752867131324,0.547941462727501,0.002133,RMIS_adjusted_for_terminal_harvest,0.0018843133211714702,0.0018843133211714702
COWLITZ SALMON HATCHERY,COWLITZ R    26.0002,COWLITZ R    26.0002,1995,636020,3,63,63,92.56,2,199,20255,19,26.9837896745968,0.704126448846697,0.001332,RMIS_adjusted_for_terminal_harvest,0.001263982948114102,0.001263982948114102
COWLITZ SALMON HATCHERY,COWLITZ R    26.0002,COWLITZ R    26.0002,1996,630229,6,166,166,9.86,1,NA,98883,4,4.89520744881131,0.817125738148505,5e-5,RMIS_adjusted_for_terminal_harvest,2.7983802394221087e-4,2.7983802394221087e-4
COWLITZ SALMON HATCHERY,COWLITZ R    26.0002,COWLITZ R    26.0002,1996,630324,4,91,91,110.63,2,204,17024,60,88.4999750290219,0.677966292988491,0.005199,RMIS_adjusted_for_terminal_harvest,0.0032438390143046895,0.0032438390143046895
COWLITZ SALMON HATCHERY,COWLITZ R    26.0002,COWLITZ R    26.0002,1996,630325,3,61,61,105.48,2,203,18335,24,37.6605051230598,0.637272387122195,0.002054,RMIS_adjusted_for_terminal_harvest,0.0026772463994724676,0.0026772463994724676
COWLITZ SALMON HATCHERY,COWLITZ R    26.0002,COWLITZ R    26.0002,1996,630326,4,91,91,105.48,2,204,18457,66,110.227837800909,0.59875981709092,0.005972,RMIS_adjusted_for_terminal_harvest,0.0029487721575736196,0.0029487721575736196
COWLITZ SALMON HATCHERY,COWLITZ R    26.0002,COWLITZ R    26.0002,1996,630327,3,61,61,94.49,2,196,18170,34,44.0086728713269,0.772574989920955,0.002422,RMIS_adjusted_for_terminal_harvest,0.0022200732192866122,0.0022200732192866122
COWLITZ SALMON HATCHERY,COWLITZ R    26.0002,COWLITZ R    26.0002,1996,630328,4,91,91,100.79,2,203,18276,46,78.6279076503589,0.585034008593386,0.004302,RMIS_adjusted_for_terminal_harvest,0.0027121676849086924,0.0027121676849086924
COWLITZ SALMON HATCHERY,COWLITZ R    26.0002,COWLITZ R    26.0002,1996,630329,3,61,61,92.56,2,198,18753,21,27.2020235711186,0.772001389716332,0.001451,RMIS_adjusted_for_terminal_harvest,0.0021567299447169236,0.0021567299447169236
COWLITZ SALMON HATCHERY,COWLITZ R    26.0002,COWLITZ R    26.0002,1996,630330,3,61,61,100.79,2,200,17989,17,22.3342952488622,0.761161245993022,0.001242,RMIS_adjusted_for_terminal_harvest,0.0024623748869020633,0.0024623748869020633
COWLITZ SALMON HATCHERY,COWLITZ R    26.0002,COWLITZ R    26.0002,1996,630331,3,61,61,98.6,2,199,18753,21,32.1295517389128,0.653603889984137,0.001713,RMIS_adjusted_for_terminal_harvest,0.002372008911820144,0.002372008911820144
COWLITZ SALMON HATCHERY,COWLITZ R    26.0002,COWLITZ R    26.0002,1996,630332,4,91,91,103.08,2,204,18505,53,84.4337891244204,0.627710784386331,0.004563,RMIS_adjusted_for_terminal_harvest,0.0028237597351974688,0.0028237597351974688
COWLITZ SALMON HATCHERY,COWLITZ R    26.0002,COWLITZ R    26.0002,1996,630333,4,91,91,100.79,2,203,18715,39,73.8258361374539,0.528270345999024,0.003945,RMIS_adjusted_for_terminal_harvest,0.0027121676849086924,0.0027121676849086924
COWLITZ SALMON HATCHERY,COWLITZ R    26.0002,COWLITZ R    26.0002,1996,636135,4,91,91,107.99,2,206,18220,64,90.6901918496612,0.705699245912877,0.004978,RMIS_adjusted_for_terminal_harvest,0.00308808079325754,0.00308808079325754
COWLITZ SALMON HATCHERY,COWLITZ R    26.0002,COWLITZ R    26.0002,1996,636136,3,61,61,103.08,2,202,18343,29,39.6511160512607,0.731379161245021,0.002162,RMIS_adjusted_for_terminal_harvest,0.0025637156415237697,0.0025637156415237697
COWLITZ SALMON HATCHERY,COWLITZ R    26.0002,COWLITZ R    26.0002,1997,630636,3,61,61,83.99,2,191,68647,25,28.1799009874743,0.887157127028668,4.11e-4,RMIS_adjusted_for_terminal_harvest,4.996974759349656e-4,4.996974759349656e-4
COWLITZ SALMON HATCHERY,COWLITZ R    26.0002,COWLITZ R    26.0002,1997,630637,3,61,61,87.22,2,193,64610,26,34.9403312457903,0.744125744461353,5.41e-4,RMIS_adjusted_for_terminal_harvest,5.18548124818777e-4,5.18548124818777e-4
COWLITZ SALMON HATCHERY,COWLITZ R    26.0002,COWLITZ R    26.0002,1997,630638,3,61,61,76.88,2,186,63654,19,36.0942574242501,0.526399526015315,5.67e-4,RMIS_adjusted_for_terminal_harvest,4.6806465038919256e-4,4.6806465038919256e-4
COWLITZ SALMON HATCHERY,COWLITZ R    26.0002,COWLITZ R    26.0002,1997,630639,3,61,61,76.88,2,185,65651,14,17.4837318019081,0.800744381040671,2.66e-4,RMIS_adjusted_for_terminal_harvest,4.6806465038919256e-4,4.6806465038919256e-4
COWLITZ SALMON HATCHERY,COWLITZ R    26.0002,COWLITZ R    26.0002,1997,630640,3,61,61,78.2,2,186,67893,19,28.4544554441035,0.6677337416393,4.19e-4,RMIS_adjusted_for_terminal_harvest,4.730934028504083e-4,4.730934028504083e-4
COWLITZ SALMON HATCHERY,COWLITZ R    26.0002,COWLITZ R    26.0002,1997,630641,3,61,61,80.99,2,188,65019,19,25.2191161998621,0.753396742749608,3.88e-4,RMIS_adjusted_for_terminal_harvest,4.848855976413756e-4,4.848855976413756e-4
COWLITZ SALMON HATCHERY,COWLITZ R    26.0002,COWLITZ R    26.0002,1997,630642,3,61,61,80.99,2,189,61905,17,22.8817858219828,0.742949004603823,3.7e-4,RMIS_adjusted_for_terminal_harvest,4.848855976413756e-4,4.848855976413756e-4
COWLITZ SALMON HATCHERY,COWLITZ R    26.0002,COWLITZ R    26.0002,1997,630643,3,62,62,78.2,2,186,66140,38,49.2917210280663,0.770920536094959,7.45e-4,RMIS_adjusted_for_terminal_harvest,4.7532712786596917e-4,4.7532712786596917e-4
COWLITZ SALMON HATCHERY,COWLITZ R    26.0002,COWLITZ R    26.0002,1997,630644,3,62,62,90.71,2,192,61215,11,15.5468316823449,0.707539659832537,2.54e-4,RMIS_adjusted_for_terminal_harvest,5.452467670310937e-4,5.452467670310937e-4
COWLITZ SALMON HATCHERY,COWLITZ R    26.0002,COWLITZ R    26.0002,1997,630645,3,62,62,80.99,2,187,66292,10,14.0762376227845,0.710417106330564,2.12e-4,RMIS_adjusted_for_terminal_harvest,4.8717497272903246e-4,4.8717497272903246e-4
COWLITZ SALMON HATCHERY,COWLITZ R    26.0002,COWLITZ R    26.0002,1997,630646,3,61,61,80.99,2,188,61106,19,24.3529055038851,0.780194379556429,3.99e-4,RMIS_adjusted_for_terminal_harvest,4.848855976413756e-4,4.848855976413756e-4
COWLITZ SALMON HATCHERY,COWLITZ R    26.0002,COWLITZ R    26.0002,1997,630647,3,61,61,78.2,2,185,62106,13,26.7252817421265,0.486430793337845,4.3e-4,RMIS_adjusted_for_terminal_harvest,4.730934028504083e-4,4.730934028504083e-4
COWLITZ SALMON HATCHERY,COWLITZ R    26.0002,COWLITZ R    26.0002,1997,630648,3,61,61,92.56,2,196,59548,8,11.4766336624914,0.697068516366959,1.93e-4,RMIS_adjusted_for_terminal_harvest,5.571654395949214e-4,5.571654395949214e-4
COWLITZ SALMON HATCHERY,COWLITZ R    26.0002,COWLITZ R    26.0002,1997,630649,3,61,61,79.57,2,189,65423,20,26.9224752455691,0.742873744615723,4.12e-4,RMIS_adjusted_for_terminal_harvest,4.7866959106075804e-4,4.7866959106075804e-4
COWLITZ SALMON HATCHERY,COWLITZ R    26.0002,COWLITZ R    26.0002,1997,630650,3,61,61,87.22,2,193,64022,6,9.47742574190521,0.633083303778421,1.48e-4,RMIS_adjusted_for_terminal_harvest,5.18548124818777e-4,5.18548124818777e-4
COWLITZ SALMON HATCHERY,COWLITZ R    26.0002,COWLITZ R    26.0002,1997,630651,3,61,61,76.87,2,186,63909,20,23.3517173847645,0.85646805630873,3.65e-4,RMIS_adjusted_for_terminal_harvest,4.680277205699664e-4,4.680277205699664e-4
COWLITZ SALMON HATCHERY,COWLITZ R    26.0002,COWLITZ R    26.0002,1998,630203,3,61,61,90.71,2,194,14401,68,163.462812238884,0.415996758336843,0.011351,RMIS_adjusted_for_terminal_harvest,0.008835194063620773,0.008835194063620773
COWLITZ SALMON HATCHERY,COWLITZ R    26.0002,COWLITZ R    26.0002,1998,636230,3,61,61,95.49,2,203,48631,137,302.070931461634,0.453535861054542,0.006211,RMIS_adjusted_for_terminal_harvest,0.009478770576230285,0.009478770576230285
COWLITZ SALMON HATCHERY,COWLITZ R    26.0002,COWLITZ R    26.0002,1998,636360,3,61,61,85.58,2,186,15472,60,175.803608751136,0.341289922466465,0.011363,RMIS_adjusted_for_terminal_harvest,0.008284241059606146,0.008284241059606146
COWLITZ SALMON HATCHERY,COWLITZ R    26.0002,COWLITZ R    26.0002,1998,636361,3,61,61,84.78,2,193,14948,76,193.862278350841,0.392030882162953,0.012969,RMIS_adjusted_for_terminal_harvest,0.008210499559942987,0.008210499559942987
COWLITZ SALMON HATCHERY,COWLITZ R    26.0002,COWLITZ R    26.0002,1998,636362,3,61,61,87.9,2,190,15566,68,143.906204170587,0.472530009334362,0.009245,RMIS_adjusted_for_terminal_harvest,0.008516205629497514,0.008516205629497514
COWLITZ SALMON HATCHERY,COWLITZ R    26.0002,COWLITZ R    26.0002,1999,631312,2,58,58,107.23,2,207,44842,376,803.213447837317,0.46811965239426,0.017912,RMIS_adjusted_for_terminal_harvest,0.021344913708309054,0.021344913708309054
COWLITZ SALMON HATCHERY,COWLITZ R    26.0002,COWLITZ R    26.0002,1999,631313,3,64,64,85.58,2,191,15870,115,197.871230008998,0.58118605718866,0.012468,RMIS_adjusted_for_terminal_harvest,0.01571874488940687,0.01571874488940687
COWLITZ SALMON HATCHERY,COWLITZ R    26.0002,COWLITZ R    26.0002,1999,631314,3,64,64,93.71,2,196,16188,151,360.34630643622,0.419041342461287,0.02226,RMIS_adjusted_for_terminal_harvest,0.01748693830646307,0.01748693830646307
COWLITZ SALMON HATCHERY,COWLITZ R    26.0002,COWLITZ R    26.0002,1999,631315,3,64,64,96.5,2,200,16527,158,351.835201406372,0.449073882796363,0.021289,RMIS_adjusted_for_terminal_harvest,0.018252611790809545,0.018252611790809545
COWLITZ SALMON HATCHERY,COWLITZ R    26.0002,COWLITZ R    26.0002,1999,631317,3,64,64,89.46,2,195,16046,198,342.933386707689,0.577371605316376,0.021372,RMIS_adjusted_for_terminal_harvest,0.01647884686411024,0.01647884686411024
COWLITZ SALMON HATCHERY,COWLITZ R    26.0002,COWLITZ R    26.0002,2000,630697,3,63,63,59.76,2,170,49525,160,557.13936928191,0.287181285009928,0.01125,RMIS_adjusted_for_terminal_harvest,0.014173014070800748,0.014173014070800748
COWLITZ SALMON HATCHERY,COWLITZ R    26.0002,COWLITZ R    26.0002,2000,630698,3,63,63,28.76,2,131,47135,89,316.909520150924,0.280837255875478,0.006723,RMIS_adjusted_for_terminal_harvest,0.007025249746221587,0.007025249746221587
COWLITZ SALMON HATCHERY,COWLITZ R    26.0002,COWLITZ R    26.0002,2000,630788,3,63,63,37.17,2,144,47431,118,452.018989652243,0.261050979497083,0.00953,RMIS_adjusted_for_terminal_harvest,0.009299799102912346,0.009299799102912346
COWLITZ SALMON HATCHERY,COWLITZ R    26.0002,COWLITZ R    26.0002,2000,630789,3,63,63,58,2,167,47040,229,918.349492267317,0.249360403559021,0.019523,RMIS_adjusted_for_terminal_harvest,0.01392146105040271,0.01392146105040271
COWLITZ SALMON HATCHERY,COWLITZ R    26.0002,COWLITZ R    26.0002,2000,630790,3,63,63,98.18,2,198,47269,258,1129.41039766244,0.22843777650178,0.023893,RMIS_adjusted_for_terminal_harvest,0.020856037154894026,0.020856037154894026
COWLITZ SALMON HATCHERY,COWLITZ R    26.0002,COWLITZ R    26.0002,2000,630793,3,63,63,105.73,2,203,47625,174,657.748163859212,0.264538936876825,0.013811,RMIS_adjusted_for_terminal_harvest,0.023751616548105682,0.023751616548105682
COWLITZ SALMON HATCHERY,COWLITZ R    26.0002,COWLITZ R    26.0002,2000,630794,3,63,63,30.75,2,133,44747,156,554.947573877686,0.281107634924778,0.012402,RMIS_adjusted_for_terminal_harvest,0.007554104698805512,0.007554104698805512
COWLITZ SALMON HATCHERY,COWLITZ R    26.0002,COWLITZ R    26.0002,2000,630795,3,63,63,30.13,2,133,45876,132,458.768175752976,0.287727019825097,0.01,RMIS_adjusted_for_terminal_harvest,0.007388125686960933,0.007388125686960933
COWLITZ SALMON HATCHERY,COWLITZ R    26.0002,COWLITZ R    26.0002,2000,630866,3,63,63,51.19,2,159,47108,214,800.840893617006,0.267219121433056,0.017,RMIS_adjusted_for_terminal_harvest,0.012727047186622925,0.012727047186622925
COWLITZ SALMON HATCHERY,COWLITZ R    26.0002,COWLITZ R    26.0002,2000,630867,3,63,63,91.08,2,191,47029,284,1081.6959059095,0.262550684021688,0.023001,RMIS_adjusted_for_terminal_harvest,0.018732992100952608,0.018732992100952608
COWLITZ SALMON HATCHERY,COWLITZ R    26.0002,COWLITZ R    26.0002,2000,630868,3,63,63,105.48,2,204,42782,261,1025.64621778789,0.254473711766737,0.023974,RMIS_adjusted_for_terminal_harvest,0.02364572400482303,0.02364572400482303
COWLITZ SALMON HATCHERY,COWLITZ R    26.0002,COWLITZ R    26.0002,2000,630869,3,63,63,52.86,2,161,45590,193,714.307192477134,0.27019187547405,0.015668,RMIS_adjusted_for_terminal_harvest,0.013053927325916936,0.013053927325916936
COWLITZ SALMON HATCHERY,COWLITZ R    26.0002,COWLITZ R    26.0002,2000,630872,3,63,63,54.58,2,163,65172,269,1053.31060236799,0.255385258057074,0.016162,RMIS_adjusted_for_terminal_harvest,0.013367408472774307,0.013367408472774307
COWLITZ SALMON HATCHERY,COWLITZ R    26.0002,COWLITZ R    26.0002,2000,630873,3,63,63,59.99,2,170,65950,173,592.0320222449,0.292213923402334,0.008977,RMIS_adjusted_for_terminal_harvest,0.014204356614732615,0.014204356614732615
COWLITZ SALMON HATCHERY,COWLITZ R    26.0002,COWLITZ R    26.0002,2000,630988,3,63,63,31.23,2,135,42852,166,648.676611429908,0.255905634757015,0.015138,RMIS_adjusted_for_terminal_harvest,0.007683223881583406,0.007683223881583406
COWLITZ SALMON HATCHERY,COWLITZ R    26.0002,COWLITZ R    26.0002,2000,630989,3,63,63,103.79,2,202,44381,235,931.524591862109,0.252274606653419,0.020989,RMIS_adjusted_for_terminal_harvest,0.02294738288508942,0.02294738288508942
COWLITZ SALMON HATCHERY,COWLITZ R    26.0002,COWLITZ R    26.0002,2000,630990,3,63,63,58.3,2,169,43842,116,386.109820507578,0.300432658893542,0.008807,RMIS_adjusted_for_terminal_harvest,0.013965859981335127,0.013965859981335127
COWLITZ SALMON HATCHERY,COWLITZ R    26.0002,COWLITZ R    26.0002,2001,631290,3,62,62,78.74,2,185,21825,72,215.904299924021,0.333481084097619,0.009893,RMIS_adjusted_for_terminal_harvest,0.011974009871896804,0.011974009871896804
COWLITZ SALMON HATCHERY,COWLITZ R    26.0002,COWLITZ R    26.0002,2001,631291,3,62,62,79.43,2,188,22591,80,257.089148418957,0.311176105611546,0.01138,RMIS_adjusted_for_terminal_harvest,0.012044649659736987,0.012044649659736987
COWLITZ SALMON HATCHERY,COWLITZ R    26.0002,COWLITZ R    26.0002,2001,631292,4,91,91,75.97,2,187,23245,65,203.143481491382,0.31997088719166,0.008739,RMIS_adjusted_for_terminal_harvest,0.012829310181798491,0.012829310181798491
COWLITZ SALMON HATCHERY,COWLITZ R    26.0002,COWLITZ R    26.0002,2001,631293,4,91,91,77.66,2,189,23453,63,212.387037420016,0.296628272446832,0.009056,RMIS_adjusted_for_terminal_harvest,0.012999087541228237,0.012999087541228237
COWLITZ SALMON HATCHERY,COWLITZ R    26.0002,COWLITZ R    26.0002,2001,631294,4,91,91,71.65,2,184,23098,95,271.354455458399,0.35009559669664,0.011748,RMIS_adjusted_for_terminal_harvest,0.01244011944745915,0.01244011944745915
COWLITZ SALMON HATCHERY,COWLITZ R    26.0002,COWLITZ R    26.0002,2001,631295,4,91,91,38.83,2,148,22389,77,247.481670178244,0.311134153671026,0.011054,RMIS_adjusted_for_terminal_harvest,0.007804382503331464,0.007804382503331464
COWLITZ SALMON HATCHERY,COWLITZ R    26.0002,COWLITZ R    26.0002,2001,631457,3,62,62,36.55,2,143,21967,58,168.348860253477,0.344522676973704,0.007664,RMIS_adjusted_for_terminal_harvest,0.00667046870796735,0.00667046870796735
COWLITZ SALMON HATCHERY,COWLITZ R    26.0002,COWLITZ R    26.0002,2001,631458,3,62,62,34.86,2,142,21386,65,196.476295770658,0.330828712670117,0.009187,RMIS_adjusted_for_terminal_harvest,0.006332939834650733,0.006332939834650733
COWLITZ SALMON HATCHERY,COWLITZ R    26.0002,COWLITZ R    26.0002,2001,631460,4,91,91,34,2,140,21410,63,186.046838175177,0.338624405649296,0.00869,RMIS_adjusted_for_terminal_harvest,0.006751805660763869,0.006751805660763869
COWLITZ SALMON HATCHERY,COWLITZ R    26.0002,COWLITZ R    26.0002,2001,631463,4,91,91,33.69,2,138,21631,74,222.00815493581,0.333321089134748,0.010263,RMIS_adjusted_for_terminal_harvest,0.0066839917625805675,0.0066839917625805675
COWLITZ SALMON HATCHERY,COWLITZ R    26.0002,COWLITZ R    26.0002,2001,631464,4,91,91,48.25,2,157,21579,55,208.844041935255,0.263354412653299,0.009678,RMIS_adjusted_for_terminal_harvest,0.009692095534125481,0.009692095534125481
COWLITZ SALMON HATCHERY,COWLITZ R    26.0002,COWLITZ R    26.0002,2001,631465,4,91,91,53.99,2,163,21434,66,188.697803512948,0.349765597538983,0.008804,RMIS_adjusted_for_terminal_harvest,0.010625701369115809,0.010625701369115809
COWLITZ SALMON HATCHERY,COWLITZ R    26.0002,COWLITZ R    26.0002,2001,631466,4,91,91,49.57,2,160,20840,66,185.937491770783,0.354957998903,0.008922,RMIS_adjusted_for_terminal_harvest,0.009924415578621266,0.009924415578621266
COWLITZ SALMON HATCHERY,COWLITZ R    26.0002,COWLITZ R    26.0002,2001,631467,3,62,62,45.45,2,155,21410,91,255.803037139989,0.355742453324352,0.011948,RMIS_adjusted_for_terminal_harvest,0.008368055049321867,0.008368055049321867
COWLITZ SALMON HATCHERY,COWLITZ R    26.0002,COWLITZ R    26.0002,2001,631468,3,62,62,52.13,2,162,21486,87,242.048720121561,0.359431770415092,0.011265,RMIS_adjusted_for_terminal_harvest,0.009443298312467792,0.009443298312467792
COWLITZ SALMON HATCHERY,COWLITZ R    26.0002,COWLITZ R    26.0002,2002,631592,3,89,89,94.89,2,195,26632,50,85.658022830583,0.58371648501497,0.003216,RMIS_adjusted_for_terminal_harvest,0.006645933634566897,0.006645933634566897
COWLITZ SALMON HATCHERY,COWLITZ R    26.0002,COWLITZ R    26.0002,2002,631593,3,89,89,59.84,2,174,24847,70,126.832036458351,0.551911030956177,0.005105,RMIS_adjusted_for_terminal_harvest,0.004743212085108978,0.004743212085108978
COWLITZ SALMON HATCHERY,COWLITZ R    26.0002,COWLITZ R    26.0002,2002,631594,3,89,89,30.4,2,141,24926,22,36.6559264934561,0.600175799783086,0.001471,RMIS_adjusted_for_terminal_harvest,0.002483497614481923,0.002483497614481923
COWLITZ SALMON HATCHERY,COWLITZ R    26.0002,COWLITZ R    26.0002,2002,631595,3,89,89,57.85,2,174,24850,48,80.5408094255175,0.595971164709853,0.003241,RMIS_adjusted_for_terminal_harvest,0.004647033605220899,0.004647033605220899
COWLITZ SALMON HATCHERY,COWLITZ R    26.0002,COWLITZ R    26.0002,2002,631596,3,89,89,87.73,2,194,24870,112,189.697947963723,0.590412290708693,0.007628,RMIS_adjusted_for_terminal_harvest,0.006012658127271937,0.006012658127271937
COWLITZ SALMON HATCHERY,COWLITZ R    26.0002,COWLITZ R    26.0002,2002,631597,3,89,89,28.42,2,137,24442,16,26.071102705884,0.613706300822824,0.001067,RMIS_adjusted_for_terminal_harvest,0.0023082027673068874,0.0023082027673068874
COWLITZ SALMON HATCHERY,COWLITZ R    26.0002,COWLITZ R    26.0002,2002,631898,3,89,89,85.58,2,195,24814,117,193.790126034036,0.60374593068509,0.00781,RMIS_adjusted_for_terminal_harvest,0.005860862011243899,0.005860862011243899
COWLITZ SALMON HATCHERY,COWLITZ R    26.0002,COWLITZ R    26.0002,2002,631899,3,89,89,58.37,2,175,24557,84,139.732878069963,0.601146996757214,0.00569,RMIS_adjusted_for_terminal_harvest,0.004673057609051245,0.004673057609051245
COWLITZ SALMON HATCHERY,COWLITZ R    26.0002,COWLITZ R    26.0002,2002,631967,3,89,89,31.8,2,144,24805,26,40.9512033672733,0.634901977527192,0.001651,RMIS_adjusted_for_terminal_harvest,0.002609616150744447,0.002609616150744447
COWLITZ SALMON HATCHERY,COWLITZ R    26.0002,COWLITZ R    26.0002,2002,631968,3,89,89,82.62,2,186,25079,112,194.704500472642,0.575230668670327,0.007764,RMIS_adjusted_for_terminal_harvest,0.005678057865805191,0.005678057865805191
COWLITZ SALMON HATCHERY,COWLITZ R    26.0002,COWLITZ R    26.0002,2002,631969,3,89,89,56.69,2,176,24534,92,149.401377657774,0.61579084103722,0.00609,RMIS_adjusted_for_terminal_harvest,0.004586575688214097,0.004586575688214097
COWLITZ SALMON HATCHERY,COWLITZ R    26.0002,COWLITZ R    26.0002,2002,631970,3,89,89,27.32,2,139,24595,22,33.0708120245486,0.665239183835864,0.001345,RMIS_adjusted_for_terminal_harvest,0.0022128691474955346,0.0022128691474955346
COWLITZ SALMON HATCHERY,COWLITZ R    26.0002,COWLITZ R    26.0002,2002,631972,3,89,89,28.92,2,138,25088,22,33.3633758603206,0.659405693599634,0.00133,RMIS_adjusted_for_terminal_harvest,0.0023520585131594305,0.0023520585131594305
COWLITZ SALMON HATCHERY,COWLITZ R    26.0002,COWLITZ R    26.0002,2002,631973,3,89,89,56.27,2,170,25295,74,124.912893949276,0.592412821930535,0.004938,RMIS_adjusted_for_terminal_harvest,0.0045638431634217784,0.0045638431634217784
COWLITZ SALMON HATCHERY,COWLITZ R    26.0002,COWLITZ R    26.0002,2002,631974,3,89,89,83.84,2,189,25274,100,191.000835135327,0.523557920200447,0.007557,RMIS_adjusted_for_terminal_harvest,0.005749895302689823,0.005749895302689823
COWLITZ SALMON HATCHERY,COWLITZ R    26.0002,COWLITZ R    26.0002,2003,632587,4,94,94,82.77,2,186,21598,36,55.4350155341625,0.649409036023713,0.002567,RMIS_adjusted_for_terminal_harvest,0.0032814126069469233,0.0032814126069469233
COWLITZ SALMON HATCHERY,COWLITZ R    26.0002,COWLITZ R    26.0002,2003,632588,4,94,94,83.22,2,188,21857,37,56.4785941111763,0.655115457144112,0.002584,RMIS_adjusted_for_terminal_harvest,0.0032965431154767994,0.0032965431154767994
COWLITZ SALMON HATCHERY,COWLITZ R    26.0002,COWLITZ R    26.0002,2003,632589,4,94,94,55.65,2,164,22211,19,27.2496423611822,0.697256857472227,0.001227,RMIS_adjusted_for_terminal_harvest,0.0026123829507972074,0.0026123829507972074
COWLITZ SALMON HATCHERY,COWLITZ R    26.0002,COWLITZ R    26.0002,2003,632590,4,94,94,26.71,2,131,24247,9,13.095506405226,0.687258645943497,5.4e-4,RMIS_adjusted_for_terminal_harvest,0.0012449739922584925,0.0012449739922584925
COWLITZ SALMON HATCHERY,COWLITZ R    26.0002,COWLITZ R    26.0002,2003,632591,4,94,94,27.64,2,133,22247,6,10.8628536190789,0.552341052397311,4.88e-4,RMIS_adjusted_for_terminal_harvest,0.0012909236503550585,0.0012909236503550585
COWLITZ SALMON HATCHERY,COWLITZ R    26.0002,COWLITZ R    26.0002,2003,632592,4,94,94,52.43,2,165,22504,35,74.9954664674695,0.466694877018757,0.003333,RMIS_adjusted_for_terminal_harvest,0.002499643600537181,0.002499643600537181
COWLITZ SALMON HATCHERY,COWLITZ R    26.0002,COWLITZ R    26.0002,2003,632593,4,94,94,82.77,2,188,20914,81,152.494078364728,0.531168166453441,0.007291,RMIS_adjusted_for_terminal_harvest,0.0032814126069469233,0.0032814126069469233
COWLITZ SALMON HATCHERY,COWLITZ R    26.0002,COWLITZ R    26.0002,2003,632594,4,94,94,27.55,2,132,22265,9,20.0783943710516,0.448243013543747,9.02e-4,RMIS_adjusted_for_terminal_harvest,0.001286444524494668,0.001286444524494668
COWLITZ SALMON HATCHERY,COWLITZ R    26.0002,COWLITZ R    26.0002,2003,632595,4,94,94,52.86,2,165,22173,42,62.2823468855479,0.674348384417507,0.002809,RMIS_adjusted_for_terminal_harvest,0.002515625586909223,0.002515625586909223
COWLITZ SALMON HATCHERY,COWLITZ R    26.0002,COWLITZ R    26.0002,2003,632596,4,94,94,81.58,2,187,23370,56,81.6563388361519,0.685801014326239,0.003494,RMIS_adjusted_for_terminal_harvest,0.003243144435332695,0.003243144435332695
COWLITZ SALMON HATCHERY,COWLITZ R    26.0002,COWLITZ R    26.0002,2003,632597,4,94,94,80.99,2,185,23169,72,112.127487940783,0.642126220093546,0.00484,RMIS_adjusted_for_terminal_harvest,0.003225068572559726,0.003225068572559726
COWLITZ SALMON HATCHERY,COWLITZ R    26.0002,COWLITZ R    26.0002,2003,632598,4,94,94,52.43,2,164,23387,30,48.164268095394704,0.622868387423258,0.002059,RMIS_adjusted_for_terminal_harvest,0.002499643600537181,0.002499643600537181
COWLITZ SALMON HATCHERY,COWLITZ R    26.0002,COWLITZ R    26.0002,2003,632599,4,94,94,28.65,2,136,22437,9,13.0446257342125,0.689939303999766,5.81e-4,RMIS_adjusted_for_terminal_harvest,0.001341626431993391,0.001341626431993391
COWLITZ SALMON HATCHERY,COWLITZ R    26.0002,COWLITZ R    26.0002,2003,632664,4,94,94,27.44,2,133,24252,1,1.32157128220164,0.756675037864078,5.4e-5,RMIS_adjusted_for_terminal_harvest,0.0012809791709270232,0.0012809791709270232
COWLITZ SALMON HATCHERY,COWLITZ R    26.0002,COWLITZ R    26.0002,2003,632665,4,94,94,53.99,2,166,21421,14,19.9399313065066,0.702108737728284,9.31e-4,RMIS_adjusted_for_terminal_harvest,0.002556264268210947,0.002556264268210947
COWLITZ SALMON HATCHERY,COWLITZ R    26.0002,COWLITZ R    26.0002,2004,632992,4,93,93,86.39,2,194,24689,63,95.582644957401,0.659115470471419,0.003871,RMIS_adjusted_for_terminal_harvest,0.0031432788588490242,0.0031432788588490242
COWLITZ SALMON HATCHERY,COWLITZ R    26.0002,COWLITZ R    26.0002,2004,632993,4,93,93,57.85,2,168,24826,50,80.5960941187622,0.620377458072876,0.003246,RMIS_adjusted_for_terminal_harvest,0.0024675387832902187,0.0024675387832902187
COWLITZ SALMON HATCHERY,COWLITZ R    26.0002,COWLITZ R    26.0002,2004,632994,4,93,93,31.06,2,142,25053,31,57.9998436405981,0.534484199510858,0.002315,RMIS_adjusted_for_terminal_harvest,0.0013488551114488475,0.0013488551114488475
COWLITZ SALMON HATCHERY,COWLITZ R    26.0002,COWLITZ R    26.0002,2004,632995,4,93,93,30.85,2,142,24890,14,17.4632367441367,0.801684143960342,7.02e-4,RMIS_adjusted_for_terminal_harvest,0.0013388183459329959,0.0013388183459329959
COWLITZ SALMON HATCHERY,COWLITZ R    26.0002,COWLITZ R    26.0002,2004,632996,4,93,93,58.52,2,165,24985,47,58.5725966592987,0.802423021697101,0.002344,RMIS_adjusted_for_terminal_harvest,0.0024853186338476304,0.0024853186338476304
COWLITZ SALMON HATCHERY,COWLITZ R    26.0002,COWLITZ R    26.0002,2004,632997,4,93,93,82.92,2,188,24224,61,96.837512519178,0.629921178406141,0.003998,RMIS_adjusted_for_terminal_harvest,0.0030256457461425783,0.0030256457461425783
COWLITZ SALMON HATCHERY,COWLITZ R    26.0002,COWLITZ R    26.0002,2004,632998,4,93,93,82.77,2,198,24668,51,70.6035058311592,0.722343733496197,0.002862,RMIS_adjusted_for_terminal_harvest,0.003021039149968361,0.003021039149968361
COWLITZ SALMON HATCHERY,COWLITZ R    26.0002,COWLITZ R    26.0002,2004,632999,4,93,93,57.41,2,170,24931,38,47.1232828210499,0.806395431835776,0.00189,RMIS_adjusted_for_terminal_harvest,0.002455546302372319,0.002455546302372319
COWLITZ SALMON HATCHERY,COWLITZ R    26.0002,COWLITZ R    26.0002,2004,633064,4,93,93,31,2,143,25154,13,16.2323275722762,0.800870974425329,6.45e-4,RMIS_adjusted_for_terminal_harvest,0.0013459856228381342,0.0013459856228381342
COWLITZ SALMON HATCHERY,COWLITZ R    26.0002,COWLITZ R    26.0002,2004,633065,4,93,93,55.58,2,166,24592,34,44.7402690870225,0.759941786086892,0.001819,RMIS_adjusted_for_terminal_harvest,0.00240286735427948,0.00240286735427948
COWLITZ SALMON HATCHERY,COWLITZ R    26.0002,COWLITZ R    26.0002,2004,633066,4,93,93,91.63,2,194,24235,62,95.3893624670674,0.649967652539927,0.003936,RMIS_adjusted_for_terminal_harvest,0.0033651433699049675,0.0033651433699049675
COWLITZ SALMON HATCHERY,COWLITZ R    26.0002,COWLITZ R    26.0002,2004,633177,4,93,93,28.22,2,139,25031,29,40.5383234361627,0.7153724560333,0.00162,RMIS_adjusted_for_terminal_harvest,0.001215020334566996,0.001215020334566996
COWLITZ SALMON HATCHERY,COWLITZ R    26.0002,COWLITZ R    26.0002,2004,633178,4,93,93,28.31,2,135,24595,30,37.2734558743857,0.80486231545318,0.001515,RMIS_adjusted_for_terminal_harvest,0.001219187620041388,0.001219187620041388
COWLITZ SALMON HATCHERY,COWLITZ R    26.0002,COWLITZ R    26.0002,2004,633179,4,93,93,55.04,2,166,24776,54,83.9626488372612,0.643143120754377,0.003389,RMIS_adjusted_for_terminal_harvest,0.0023864335932721934,0.0023864335932721934
COWLITZ SALMON HATCHERY,COWLITZ R    26.0002,COWLITZ R    26.0002,2004,633180,4,93,93,88.07,2,194,25026,68,94.7459607105742,0.717708696919792,0.003786,RMIS_adjusted_for_terminal_harvest,0.0032083485482129704,0.0032083485482129704
COWLITZ SALMON HATCHERY,COWLITZ R    26.0002,COWLITZ R    26.0002,2005,633465,3,79,79,92.38,2,192,105537,294,564.54010328035,0.520777883256949,0.005349,RMIS_adjusted_for_terminal_harvest,0.005999407198294023,0.005999407198294023
COWLITZ SALMON HATCHERY,COWLITZ R    26.0002,COWLITZ R    26.0002,2006,633473,3,85,85,97.54,2,199,86283,512,784.135528212199,0.652948350863966,0.009088,RMIS_adjusted_for_terminal_harvest,0.008247482249095281,0.008247482249095281
COWLITZ SALMON HATCHERY,COWLITZ R    26.0002,COWLITZ R    26.0002,2007,633974,3,89,89,80.13,2,NA,88963,124,288.502480139598,0.429805663854259,0.003243,RMIS_adjusted_for_terminal_harvest,0.004454187401476229,0.004454187401476229
COWLITZ SALMON HATCHERY,COWLITZ R    26.0002,COWLITZ R    26.0002,2008,634776,3,88,88,119.36,2,211,94965,417,874.921018303217,0.476614450077689,0.009213,RMIS_adjusted_for_terminal_harvest,0.008546376549046919,0.008546376549046919
COWLITZ SALMON HATCHERY,COWLITZ R    26.0002,COWLITZ R    26.0002,2009,634295,3,84,84,103.08,2,205,98718,218,482.44756043763,0.451862581297439,0.004887,RMIS_adjusted_for_terminal_harvest,0.004977962252868894,0.004977962252868894
COWLITZ SALMON HATCHERY,COWLITZ R    26.0002,COWLITZ R    26.0002,2010,635273,3,86,86,92.56,2,198,83600,227,373.769125015624,0.607326782249634,0.004471,RMIS_adjusted_for_terminal_harvest,0.004903240552411417,0.004903240552411417
COWLITZ SALMON HATCHERY,COWLITZ R    26.0002,COWLITZ R    26.0002,2011,635599,3,88,88,94.49,2,196,69555,867,1435.56299554555,0.603944238386082,0.020639,RMIS_adjusted_for_terminal_harvest,0.021113905276680493,0.021113905276680493
COWLITZ SALMON HATCHERY,COWLITZ R    26.0002,COWLITZ R    26.0002,2011,636416,3,88,88,88.93,2,193,31249,425,694.659576919366,0.611810466768145,0.02223,RMIS_adjusted_for_terminal_harvest,0.019536115411996045,0.019536115411996045
COWLITZ SALMON HATCHERY,COWLITZ R    26.0002,COWLITZ R    26.0002,2012,635673,11,305,305,31.94,1,139,99888,189,332.514192689469,0.568396790739411,0.003329,RMIS_adjusted_for_terminal_harvest,0.0031102026526312007,0.0031102026526312007
COWLITZ SALMON HATCHERY,COWLITZ R    26.0002,COWLITZ R    26.0002,2012,636266,3,87,87,87.22,2,191,94927,928,1657.17168842601,0.559990257184167,0.017457,RMIS_adjusted_for_terminal_harvest,0.016379362507396272,0.016379362507396272
COWLITZ SALMON HATCHERY,COWLITZ R    26.0002,COWLITZ R    26.0002,2012,636267,3,78,78,61.29,2,191,97853,633,1095.05902792972,0.578051030908101,0.011191,RMIS_adjusted_for_terminal_harvest,0.012912265677283973,0.012912265677283973
COWLITZ SALMON HATCHERY,COWLITZ R    26.0002,COWLITZ R    26.0002,2013,636641,11,307,307,27.65,1,131,91814,51,107.648569332059,0.473763843927015,0.001172,RMIS_adjusted_for_terminal_harvest,0.0017485731878887226,0.0017485731878887226
COWLITZ SALMON HATCHERY,COWLITZ R    26.0002,COWLITZ R    26.0002,2013,636642,2,35,35,52.74,2,164,94803,290,627.956331588482,0.461815552152192,0.006624,RMIS_adjusted_for_terminal_harvest,0.006181133368977606,0.006181133368977606
COWLITZ SALMON HATCHERY,COWLITZ R    26.0002,COWLITZ R    26.0002,2013,636643,2,35,35,83.99,2,185,94985,407,823.072139474146,0.494488855205364,0.008665,RMIS_adjusted_for_terminal_harvest,0.008170372410143834,0.008170372410143834
COWLITZ SALMON HATCHERY,COWLITZ R    26.0002,COWLITZ R    26.0002,2014,636790,3,70,70,93.91,2,200,96073,95,123.141536683092,0.771469989403211,0.001282,RMIS_adjusted_for_terminal_harvest,0.0013659690620883257,0.0013659690620883257
COWLITZ SALMON HATCHERY,COWLITZ R    26.0002,COWLITZ R    26.0002,2014,636791,10,301,301,32.39,1,141,97935,31,86.4387280221507,0.358635541143733,8.83e-4,RMIS_adjusted_for_terminal_harvest,2.457009428981323e-4,2.457009428981323e-4
COWLITZ SALMON HATCHERY,COWLITZ R    26.0002,COWLITZ R    26.0002,2014,636792,3,61,61,55.38,2,171,95735,49,60.0590651776322,0.815863514609765,6.27e-4,RMIS_adjusted_for_terminal_harvest,9.042446661967627e-4,9.042446661967627e-4
COWLITZ SALMON HATCHERY,COWLITZ R    26.0002,TILTON R -SF 26.0599,1995,635819,4,91,91,96.51,2,201,19534,12,16.0271540622549,0.748729309856753,8.2e-4,RMIS_adjusted_for_terminal_harvest,0.0014659474789814842,0.0014659474789814842
FRIENDS OF COWLITZ,COWLITZ R    26.0002,BILL CR      26.0518,1990,633724,3,89,89,69.77,2,NA,13956,8,19.4356182886108,0.411615410490335,0.001393,RMIS_adjusted_for_terminal_harvest,0.0015318503669869597,0.0015318503669869597
FRIENDS OF COWLITZ,COWLITZ R    26.0002,BILL CR      26.0518,1991,634361,5,121,121,63.88,2,NA,14085,7,9.01898809560525,0.776140286005139,6.4e-4,RMIS_adjusted_for_terminal_harvest,9.404309657803354e-4,9.404309657803354e-4
FRIENDS OF COWLITZ,COWLITZ R    26.0002,COWLITZ R    26.0002,1990,633938,4,93,93,69.77,2,NA,40794,52,79.8728026080424,0.651035124624062,0.001958,RMIS_adjusted_for_terminal_harvest,0.001540864206302298,0.001540864206302298
FRIENDS OF COWLITZ,COWLITZ R    26.0002,COWLITZ R    26.0002,1997,630510,3,61,61,80.28,2,NA,17901,7,8.61801980146554,0.812251556768251,4.81e-4,RMIS_adjusted_for_terminal_harvest,4.8171888056487895e-4,4.8171888056487895e-4
FRIENDS OF COWLITZ,COWLITZ R    26.0002,COWLITZ R    26.0002,1998,630534,3,67,67,113.39,2,NA,25163,202,525.046081477498,0.384728135541103,0.020866,RMIS_adjusted_for_terminal_harvest,0.01335528710074917,0.01335528710074917
FRIENDS OF COWLITZ,COWLITZ R    26.0002,COWLITZ R    26.0002,1999,631334,2,37,37,90.71,2,NA,24660,190,305.057833651051,0.622832719048733,0.012371,RMIS_adjusted_for_terminal_harvest,0.014465295260941397,0.014465295260941397
FRIENDS OF COWLITZ,COWLITZ R    26.0002,COWLITZ R    26.0002,2000,630796,3,80,80,56.69,2,NA,48363,84,335.979283415072,0.25001541507613,0.006947,RMIS_adjusted_for_terminal_harvest,0.014608726725250836,0.014608726725250836
FRIENDS OF COWLITZ,COWLITZ R    26.0002,COWLITZ R    26.0002,2001,631469,3,84,84,41.99,2,NA,25209,50,129.357725093945,0.386525041033984,0.005131,RMIS_adjusted_for_terminal_harvest,0.008360862936618552,0.008360862936618552
FRIENDS OF COWLITZ,COWLITZ R    26.0002,COWLITZ R    26.0002,2002,631975,3,75,75,47.74,2,NA,25368,66,106.174233384645,0.621619746110124,0.004185,RMIS_adjusted_for_terminal_harvest,0.0038600161062405922,0.0038600161062405922
FRIENDS OF COWLITZ,COWLITZ R    26.0002,COWLITZ R    26.0002,2003,632666,3,80,80,55.99,2,NA,24829,68,124.031097300961,0.548249604169816,0.004995,RMIS_adjusted_for_terminal_harvest,0.002551960483435576,0.002551960483435576
FRIENDS OF COWLITZ,COWLITZ R    26.0002,COWLITZ R    26.0002,2004,632296,3,80,80,51.54,2,158,25021,19,24.8796641554968,0.76367590339045,9.94e-4,RMIS_adjusted_for_terminal_harvest,0.002210575675824895,0.002210575675824895
